cluster_keyword,cluster_slug,locale,cluster_url,secondary_keyword
Crecimiento Profesional,crecimiento-profesional,es,/es/blog-en-espanol/carrera-de-programacion,
Career Growth,career-growth,us,/en/blog/career-growth,outcomes-report-2024
Career Growth,career-growth,us,/en/blog/career-growth,outcomes
Career Growth,career-growth,us,/en/blog/career-growth,geekforce-the-career-launch-engine
Aprendizaje Potenciado con IA,aprendizaje-potenciado-con-ia,es,,ia-programacion-futuro-trabajo
AI Powered Learning,ai-powered-learning,us,/en/blog/ai-powered-learning,4geeks-in-the-ai-era
AI Powered Learning,ai-powered-learning,us,/en/blog/ai-powered-learning,rigobot-ai-mentor
AI Powered Learning,ai-powered-learning,us,/en/blog/ai-powered-learning,unlock-your-coding-potential
AI Powered Learning,ai-powered-learning,us,/en/blog/ai-powered-learning,launch-your-tech-career
AI Powered Learning,ai-powered-learning,us,/en/blog/ai-powered-learning,learnpack-build-teach-learn
AI Powered Learning,ai-powered-learning,us,/en/blog/ai-powered-learning,rigobot-ai-coding-mentor
AI Powered Learning,ai-powered-learning,us,/en/blog/ai-powered-learning,inside-4geeks-platform
AI Powered Learning,ai-powered-learning,us,/en/blog/ai-powered-learning,how-geekforce-prepares-you-in-the-age-of-ai
Cybersecurity,cybersecurity,us,/en/career-programs/cybersecurity,why-is-it-important-to-learn-about-cybersecurity
Cybersecurity,cybersecurity,us,/en/career-programs/cybersecurity,why-is-it-important-to-learn-about-cybersecurity-inquiry
Cybersecurity,cybersecurity,us,/en/career-programs/cybersecurity,cybersecurity-learn
Cybersecurity,cybersecurity,us,/en/career-programs/cybersecurity,how-to-learn-cybersecurity
Cybersecurity,cybersecurity,us,/en/career-programs/cybersecurity,learn-about-cybersecurity
Cybersecurity,cybersecurity,us,/en/career-programs/cybersecurity,how-to-learn-about-cybersecurity
Cybersecurity,cybersecurity,us,/en/career-programs/cybersecurity,how-to-get-into-cybersecurity-with-no-experience
Cybersecurity,cybersecurity,us,/en/career-programs/cybersecurity,cybersecurity-jobs-no-experience
Cybersecurity,cybersecurity,us,/en/career-programs/cybersecurity,best-way-to-get-into-cybersecurity-with-no-experience
AI Engineer,ai-engineer,us,,ai-engineer-vs-ml-engineer
AI Engineer,ai-engineer,us,,ai-engineer-vs-machine-learning-engineer
AI Engineer,ai-engineer,us,,ml-engineer-vs-ai-engineer
AI Engineer,ai-engineer,us,,ai-engineer-vs-software-engineer
AI Engineer,ai-engineer,us,,software-engineer-vs-ai-engineer
AI Engineer,ai-engineer,us,,software-engineer-vs-ai
AI Engineer,ai-engineer,us,,ai-engineer-vs-data-scientist
AI Engineer,ai-engineer,us,,data-scientist-vs-ai-engineer
AI Engineer,ai-engineer,us,,data-science-vs-ai-engineer
AI Engineer,ai-engineer,us,,ai-engineer-salary
AI Engineer,ai-engineer,us,,average-ai-engineer-salary
Curso Ciberseguridad,curso-ciberseguridad,es,/es/programas-de-carrera/ciberseguridad,
Cybersecurity Bootcamp,cybersecurity-bootcamp,us,/en/career-programs/cybersecurity,cybersecurity-bootcamp-cost
Cybersecurity Bootcamp,cybersecurity-bootcamp,us,/en/career-programs/cybersecurity,cybersecurity-bootcamp-online
Cybersecurity Bootcamp,cybersecurity-bootcamp,us,/en/career-programs/cybersecurity,cybersecurity-bootcamp-with-job-placement
Cybersecurity Bootcamp,cybersecurity-bootcamp,us,/en/career-programs/cybersecurity,best-cybersecurity-bootcamp
AI For Business Course,ai-for-business-course,us,/en/coding-bootcamps/applied-ai-course,ai-for-business-course
curso inteligencia artificial,curso-inteligencia-artificial,es,/es/blog/aprendizaje-potenciado-con-ia/curso-inteligencia-artificial,curso-inteligencia-artificial
Que es Data Science,que-es-data-science,es,,que-es-data-science
Que es Data Science,que-es-data-science,es,,mejor-bootcamp-data-science-2025
Machine Learning Course,machine-learning-course,us,/en/coding-bootcamps/machine-learning-engineering,python-machine-learning-course
Machine Learning Course,machine-learning-course,us,/en/coding-bootcamps/machine-learning-engineering,best-machine-learning-course
Machine Learning Course,machine-learning-course,us,/en/coding-bootcamps/machine-learning-engineering,machine-learning-crash-course
Machine Learning Course,machine-learning-course,us,/en/coding-bootcamps/machine-learning-engineering,best-online-machine-learning-course
Machine Learning Course,machine-learning-course,us,/en/coding-bootcamps/machine-learning-engineering,machine-learning-course-syllabus
Machine Learning Course,machine-learning-course,us,/en/coding-bootcamps/machine-learning-engineering,applied-machine-learning
Machine Learning Engineer,machine-learning-engineer,us,/en/blog/machine-learning-engineer/machine-learning-engineer,machine-learning-engineer
Machine Learning Engineer,machine-learning-engineer,us,/en/blog/machine-learning-engineer/machine-learning-engineer,how-to-become-a-machine-learning-engineer
Machine Learning Engineer,machine-learning-engineer,us,/en/blog/machine-learning-engineer/machine-learning-engineer,machine-learning-engineer-job-description
Machine Learning Engineer,machine-learning-engineer,us,/en/blog/machine-learning-engineer/machine-learning-engineer,machine-learning-job-description
Machine Learning Engineer,machine-learning-engineer,us,/en/blog/machine-learning-engineer/machine-learning-engineer,how-much-does-machine-learning-engineer-make
Machine Learning Engineer,machine-learning-engineer,us,/en/blog/machine-learning-engineer/machine-learning-engineer,machine-learning-specialist-job-description
Machine Learning Engineer,machine-learning-engineer,us,/en/blog/machine-learning-engineer/machine-learning-engineer,how-much-does-a-machine-learning-engineer-make
Machine Learning Engineer,machine-learning-engineer,us,/en/blog/machine-learning-engineer/machine-learning-engineer,machine-learning-vs-deep-learning
Machine Learning Engineer,machine-learning-engineer,us,/en/blog/machine-learning-engineer/machine-learning-engineer,deep-learning-vs-machine-learning
Machine Learning Engineer,machine-learning-engineer,us,/en/blog/machine-learning-engineer/machine-learning-engineer,difference-between-machine-learning-and-deep-learning
Machine Learning Bootcamp,machine-learning-bootcamp,us,/en/coding-bootcamps/machine-learning-engineering,machine-learning-bootcamp
Miami Coding Bootcamp,miami-coding-bootcamp,us,/en/location/miami-usa,coding-bootcamp-miami
Full Stack Developer Jobs,full-stack-developer-jobs,us,,full-stack-developer-jobs
data science bootcamp,data-science-bootcamp,us,/en/career-programs/data-science-ml,data-science-bootcamp
data science bootcamp,data-science-bootcamp,us,/en/career-programs/data-science-ml,data-science-for-all
data science bootcamp,data-science-bootcamp,us,/en/career-programs/data-science-ml,free-data-science-bootcamp
data science bootcamp,data-science-bootcamp,us,/en/career-programs/data-science-ml,best-data-science-bootcamps
data science bootcamp,data-science-bootcamp,us,/en/career-programs/data-science-ml,data-science-bootcamp-chicago
data science bootcamp,data-science-bootcamp,us,/en/career-programs/data-science-ml,bootcamp-data-science-toronto
data science bootcamp,data-science-bootcamp,us,/en/career-programs/data-science-ml,best-bootcamp-for-data-science
data science bootcamp,data-science-bootcamp,us,/en/career-programs/data-science-ml,part-time-data-science-bootcamp
data science bootcamp,data-science-bootcamp,us,/en/career-programs/data-science-ml,data-science-bootcamp-nyc
data science bootcamp,data-science-bootcamp,us,/en/career-programs/data-science-ml,data-science-bootcamp-los-angeles
data science bootcamp,data-science-bootcamp,us,/en/career-programs/data-science-ml,how-to-become-a-data-scientist-with-no-experience
data science bootcamp,data-science-bootcamp,us,/en/career-programs/data-science-ml,how-to-get-a-data-science-job-with-no-experience
data science bootcamp,data-science-bootcamp,us,/en/career-programs/data-science-ml,data-science-jobs-no-experience
data science bootcamp,data-science-bootcamp,us,/en/career-programs/data-science-ml,how-long-to-become-a-data-scientist
data science bootcamp,data-science-bootcamp,us,/en/career-programs/data-science-ml,how-long-does-it-take-to-be-a-data-scientist
data science bootcamp,data-science-bootcamp,us,/en/career-programs/data-science-ml,how-long-to-become-data-scientist
data science bootcamp,data-science-bootcamp,us,/en/career-programs/data-science-ml,junior-data-scientist-salary
data science bootcamp,data-science-bootcamp,us,/en/career-programs/data-science-ml,data-scientist-junior-salary
data science bootcamp,data-science-bootcamp,us,/en/career-programs/data-science-ml,average-junior-data-scientist-salary
Carrera de Programación,carrera-de-programacion,es,/es/blog/carrera-de-programacion/carrera-de-programacion-es,carrera-de-programacion
Carrera de Programación,carrera-de-programacion,es,/es/blog/carrera-de-programacion/carrera-de-programacion-es,de-que-trata-la-carrera-de-la-programacion
Carrera de Programación,carrera-de-programacion,es,/es/blog/carrera-de-programacion/carrera-de-programacion-es,carrera-de-programacion-a-distancia
Desarrollador Full Stack,desarrollador-full-stack,es,/es/blog/desarrollador-full-stack/desarrollador-full-stack-developer,cuanto-gana-un-desarrollador-full-stack
Desarrollador Full Stack,desarrollador-full-stack,es,/es/blog/desarrollador-full-stack/desarrollador-full-stack-developer,habilidades-de-desarrollador-full-stack
Desarrollador Full Stack,desarrollador-full-stack,es,/es/blog/desarrollador-full-stack/desarrollador-full-stack-developer,desarrollador-full-stack-developer
Desarrollador Full Stack,desarrollador-full-stack,es,/es/blog/desarrollador-full-stack/desarrollador-full-stack-developer,sueldo-desarrollador-full-stack
Desarrollador Full Stack,desarrollador-full-stack,es,/es/blog/desarrollador-full-stack/desarrollador-full-stack-developer,cursos-desarrollador-full-stack
Desarrollador Full Stack,desarrollador-full-stack,es,/es/blog/desarrollador-full-stack/desarrollador-full-stack-developer,desarrollo-de-software
Software Engineer Salary,software-engineer-salary,us,/en/blog/software-engineer-salary/software-engineer-salary,junior-software-engineer-salary
Software Engineer Salary,software-engineer-salary,us,/en/blog/software-engineer-salary/software-engineer-salary,software-engineer-salary
Software Engineer Salary,software-engineer-salary,us,/en/blog/software-engineer-salary/software-engineer-salary,software-engineer-salary-germany
Software Engineer Salary,software-engineer-salary,us,/en/blog/software-engineer-salary/software-engineer-salary,software-engineer-salary-florida
Coding Bootcamp Berlin,coding-bootcamp-berlin,us,/en/location/berlin-germany,Coding-Bootcamp-In-Berlin
Cuánto gana un programador,cuanto-gana-un-programador,es,/es/blog/cuanto-gana-un-programador/cuanto-gana-un-programador,cuanto-gana-un-programador-en-mexico
Cuánto gana un programador,cuanto-gana-un-programador,es,/es/blog/cuanto-gana-un-programador/cuanto-gana-un-programador,cuanto-gana-un-programador-en-colombia
Cuánto gana un programador,cuanto-gana-un-programador,es,/es/blog/cuanto-gana-un-programador/cuanto-gana-un-programador,cuanto-gana-un-programador-en-chile
Cuánto gana un programador,cuanto-gana-un-programador,es,/es/blog/cuanto-gana-un-programador/cuanto-gana-un-programador,cuanto-gana-un-programador-en-espana
Cuánto gana un programador,cuanto-gana-un-programador,es,/es/blog/cuanto-gana-un-programador/cuanto-gana-un-programador,cuanto-gana-un-desarrollador-en-venezuela
Cuánto gana un programador,cuanto-gana-un-programador,es,/es/blog/cuanto-gana-un-programador/cuanto-gana-un-programador,cuanto-gana-un-programador
Cuánto gana un programador,cuanto-gana-un-programador,es,/es/blog/cuanto-gana-un-programador/cuanto-gana-un-programador,cuanto-gana-un-programador-en-argentina
Cuánto gana un programador,cuanto-gana-un-programador,es,/es/blog/cuanto-gana-un-programador/cuanto-gana-un-programador,cuanto-gana-un-programador-en-peru
Cuánto gana un programador,cuanto-gana-un-programador,es,/es/blog/cuanto-gana-un-programador/cuanto-gana-un-programador,cuanto-gana-un-programador-en-uruguay
Cuánto gana un ingeniero informático,cuanto-gana-un-ingeniero-informatico,es,,cuanto-gana-un-ingeniero-informatico-en-espana
Bootcamp de Programación,bootcamp-de-programacion,es,/es/blog/bootcamp-de-programacion/estudiar-en-un-bootcamp-de-programacion,que-es-un-bootcamp-de-programacion
Bootcamp de Programación,bootcamp-de-programacion,es,/es/blog/bootcamp-de-programacion/estudiar-en-un-bootcamp-de-programacion,bootcamp-de-programacion
Bootcamp de Programación,bootcamp-de-programacion,es,/es/blog/bootcamp-de-programacion/estudiar-en-un-bootcamp-de-programacion,bootcamp-programacion-chile
Bootcamp de Programación,bootcamp-de-programacion,es,/es/blog/bootcamp-de-programacion/estudiar-en-un-bootcamp-de-programacion,bootcamp-programacion-barcelona
Bootcamp de Programación,bootcamp-de-programacion,es,/es/blog/bootcamp-de-programacion/estudiar-en-un-bootcamp-de-programacion,bootcamp-programacion
Aprender A Programar,aprender-a-programar,es,/es/blog/aprender-a-programar/aprender-a-programar-desde-cero,aprender-a-programar
Aprender A Programar,aprender-a-programar,es,/es/blog/aprender-a-programar/aprender-a-programar-desde-cero,aprender-a-programar-desde-cero
Aprender A Programar,aprender-a-programar,es,/es/blog/aprender-a-programar/aprender-a-programar-desde-cero,aprender-a-programar-python
Aprender A Programar,aprender-a-programar,es,/es/blog/aprender-a-programar/aprender-a-programar-desde-cero,como-aprender-a-programar
Aprender A Programar,aprender-a-programar,es,/es/blog/aprender-a-programar/aprender-a-programar-desde-cero,aprender-programacion-desde-cero
Aprender A Programar,aprender-a-programar,es,/es/blog/aprender-a-programar/aprender-a-programar-desde-cero,aprender-programacion
Aprender A Programar,aprender-a-programar,es,/es/blog/aprender-a-programar/aprender-a-programar-desde-cero,aprender-a-programar-inteligencia-artificial
Trends and Tech,trends-and-tech,us,,4geeks-academy-vs-top-coding-bootcamps
Trends and Tech,trends-and-tech,us,,how-to-get-a-job-in-tech-right-now
Trends and Tech,trends-and-tech,us,,global-innovators-at-the-america-business-forum-miami
Trends and Tech,trends-and-tech,us,,the-600000-job-crisis
Coding Bootcamp,coding-bootcamp,us,/en/coding-bootcamp,Houston-Coding-Bootcamp
Coding Bootcamp,coding-bootcamp,us,/en/coding-bootcamp,Berkley-Coding-Bootcamp
Coding Bootcamp,coding-bootcamp,us,/en/coding-bootcamp,Boston-Coding-Bootcamp
Coding Bootcamp,coding-bootcamp,us,/en/coding-bootcamp,Dallas-Coding-Bootcamp
Coding Bootcamp,coding-bootcamp,us,/en/coding-bootcamp,Atlanta-coding-bootcamp
Coding Bootcamp,coding-bootcamp,us,/en/coding-bootcamp,Coding-Bootcamp-in-Utah
Coding Bootcamp,coding-bootcamp,us,/en/coding-bootcamp,How-much-is-a-coding-bootcamp
Coding Bootcamp,coding-bootcamp,us,/en/coding-bootcamp,What-is-a-coding-bootcamp
Coding Bootcamp,coding-bootcamp,us,/en/coding-bootcamp,pay-for-a-coding-bootcamp
Coding Bootcamp,coding-bootcamp,us,/en/coding-bootcamp,NYC-coding-bootcamp
Coding Bootcamp,coding-bootcamp,us,/en/coding-bootcamp,are-coding-bootcamps-worth-it
Coding Bootcamp,coding-bootcamp,us,/en/coding-bootcamp,chicago-coding-bootcamp
Coding Bootcamp,coding-bootcamp,us,/en/coding-bootcamp,coding-bootcamp-vs-degree
Coding Bootcamp,coding-bootcamp,us,/en/coding-bootcamp,coding-bootcamp-or-degree
Coding Bootcamp,coding-bootcamp,us,/en/coding-bootcamp,coding-bootcamp-degree
Online coding bootcamp,online-coding-bootcamp,us,/en/location/remote,best-online-coding-bootcamp
Python Bootcamp,python-bootcamp,us,,how-long-does-it-take-to-learn-python
Python Bootcamp,python-bootcamp,us,,Python-coding-bootcamp
Python Bootcamp,python-bootcamp,us,,python-programming-bootcamp
Python Bootcamp,python-bootcamp,us,,python-bootcamp-online
Python Bootcamp,python-bootcamp,us,,4geeks-teaches-python
Python Bootcamp,python-bootcamp,us,,python-free-bootcamp
Javascript Bootcamp,javascript-bootcamp,us,,javascript-bootcamp-online
Full Stack Developer,full-stack-developer,us,/en/blog/full-stack-developer/full-stack-developer,senior-full-stack-developer-salary
Full Stack Developer,full-stack-developer,us,/en/blog/full-stack-developer/full-stack-developer,full-stack-developer-interview-questions
Full Stack Developer,full-stack-developer,us,/en/blog/full-stack-developer/full-stack-developer,full-stack-developer-resume
Full Stack Developer,full-stack-developer,us,/en/blog/full-stack-developer/full-stack-developer,full-stack-developer-job-description
Full Stack Developer,full-stack-developer,us,/en/blog/full-stack-developer/full-stack-developer,full-stack-developer-salary
Full Stack Developer,full-stack-developer,us,/en/blog/full-stack-developer/full-stack-developer,full-stack-developer-vs-software-engineer
Full Stack Developer,full-stack-developer,us,/en/blog/full-stack-developer/full-stack-developer,full-stack-developer-jobs
Full Stack Developer,full-stack-developer,us,/en/blog/full-stack-developer/full-stack-developer,full-stack-bootcamp
Full Stack Developer,full-stack-developer,us,/en/blog/full-stack-developer/full-stack-developer,full-stack-developer-portfolio
Full Stack Developer,full-stack-developer,us,/en/blog/full-stack-developer/full-stack-developer,how-to-become-a-full-stack-developer
Full Stack Developer,full-stack-developer,us,/en/blog/full-stack-developer/full-stack-developer,full-stack-developer
Full Stack Developer,full-stack-developer,us,/en/blog/full-stack-developer/full-stack-developer,how-to-become-a-full-stack-developer-with-no-experience
Full Stack Developer,full-stack-developer,us,/en/blog/full-stack-developer/full-stack-developer,full-stack-developer-jobs-no-experience
Full Stack Developer,full-stack-developer,us,/en/blog/full-stack-developer/full-stack-developer,full-stack-developer-with-no-experience
Full Stack Developer,full-stack-developer,us,/en/blog/full-stack-developer/full-stack-developer,how-long-does-it-take-to-become-a-full-stack-developer
Full Stack Developer,full-stack-developer,us,/en/blog/full-stack-developer/full-stack-developer,how-long-to-become-a-full-stack-developer
Full Stack Developer,full-stack-developer,us,/en/blog/full-stack-developer/full-stack-developer,how-long-does-it-take-to-be-a-full-stack-developer
Full Stack Developer,full-stack-developer,us,/en/blog/full-stack-developer/full-stack-developer,full-stack-vs-backend
Full Stack Developer,full-stack-developer,us,/en/blog/full-stack-developer/full-stack-developer,full-stack-developer-vs-backend-developer
Full Stack Developer,full-stack-developer,us,/en/blog/full-stack-developer/full-stack-developer,backend-vs-full-stack
Full Stack Developer,full-stack-developer,us,/en/blog/full-stack-developer/full-stack-developer,full-stack-vs-front-end
Full Stack Developer,full-stack-developer,us,/en/blog/full-stack-developer/full-stack-developer,front-end-developer-vs-full-stack
Full Stack Developer,full-stack-developer,us,/en/blog/full-stack-developer/full-stack-developer,front-end-vs-full-stack
Full Stack Developer,full-stack-developer,us,/en/blog/full-stack-developer/full-stack-developer,is-full-stack-developer-in-demand
Full Stack Developer,full-stack-developer,us,/en/blog/full-stack-developer/full-stack-developer,are-full-stack-developer-in-demand
Full Stack Developer,full-stack-developer,us,/en/blog/full-stack-developer/full-stack-developer,is-full-stack-developer-a-good-career
Software Engineer,software-engineer,us,/en/career-programs/ai-engineering,software-engineer-portfolio
Software Engineer,software-engineer,us,/en/career-programs/ai-engineering,is-software-engineering-hard
Software Engineer,software-engineer,us,/en/career-programs/ai-engineering,full-stack-software-engineer
Software Engineer,software-engineer,us,/en/career-programs/ai-engineering,learn-to-be-a-software-engineer
Software Engineer,software-engineer,us,/en/career-programs/ai-engineering,Software-Engineer-Berlin
Software Engineer,software-engineer,us,/en/career-programs/ai-engineering,how-to-become-a-software-engineer
Curso Programación,curso-programacion,es,/es/curso-de-programacion-desde-cero,cursos-de-programacion
Curso Programación,curso-programacion,es,/es/curso-de-programacion-desde-cero,curso-programacion
Curso Programación,curso-programacion,es,/es/curso-de-programacion-desde-cero,curso-online-programacion
Curso Programación,curso-programacion,es,/es/curso-de-programacion-desde-cero,curso-de-programacion-online
Curso Programación,curso-programacion,es,/es/curso-de-programacion-desde-cero,curso-de-programacion-python
Curso Programación,curso-programacion,es,/es/curso-de-programacion-desde-cero,curso-de-programacion-madrid
Curso Programación,curso-programacion,es,/es/curso-de-programacion-desde-cero,curso-de-programacion-barcelona
Curso Programación,curso-programacion,es,/es/curso-de-programacion-desde-cero,curso-de-programacion-caracas
Learn Python,learn-python,us,,is-python-hard-to-learn
Learn Python,learn-python,us,,should-i-learn-python-or-java
Learn Python,learn-python,us,,why-learn-python
Learn Python,learn-python,us,,how-long-to-learn-javascript
Learn Javascript,learn-javascript,us,/en/blog/learn-javascript/learn-javascript,how-should-i-learn-javascript
Learn Javascript,learn-javascript,us,/en/blog/learn-javascript/learn-javascript,why-should-i-learn-javascript
Learn Javascript,learn-javascript,us,/en/blog/learn-javascript/learn-javascript,should-i-learn-javascript
Learn Javascript,learn-javascript,us,/en/blog/learn-javascript/learn-javascript,learn-javascript
Learn Javascript,learn-javascript,us,/en/blog/learn-javascript/learn-javascript,why-learn-javascript
Learn Javascript,learn-javascript,us,/en/blog/learn-javascript/learn-javascript,is-javascript-hard-to-learn
Learn Javascript,learn-javascript,us,/en/blog/learn-javascript/learn-javascript,how-long-does-it-take-to-learn-javascript
